CustomerID,PurchaseDate,City,AcquisitionChannel,Amount
1,2025-12-15,Baku,Organic,217.88
1,2026-01-13,Baku,Organic,154.27
1,2026-04-09,Baku,Organic,179.94
1,2026-06-23,Baku,Organic,14.94
1,2026-07-28,Baku,Organic,242.78
1,2026-10-25,Baku,Organic,209.79
1,2027-01-22,Baku,Organic,60.96
2,2025-10-04,Sumqayit,Ads,11.7
2,2025-11-20,Sumqayit,Ads,15.53
2,2026-01-31,Sumqayit,Ads,135.95
2,2026-03-08,Sumqayit,Ads,105.97
3,2025-07-07,Ganja,Ads,198.44
3,2025-08-05,Ganja,Ads,57.92
3,2025-10-20,Ganja,Ads,133.42
3,2026-01-04,Ganja,Ads,152.18
4,2025-11-03,Baku,Social,118.12
4,2025-11-24,Baku,Social,13.18
4,2025-12-29,Baku,Social,236.13
5,2025-08-30,Baku,Social,156.4
5,2025-09-22,Baku,Social,209.97
5,2025-11-28,Baku,Social,51.61
5,2025-12-14,Baku,Social,103.85
5,2026-02-26,Baku,Social,53.74
5,2026-05-22,Baku,Social,191.29
6,2025-02-23,Shaki,Organic,235.48
6,2025-03-13,Shaki,Organic,224.76
6,2025-05-20,Shaki,Organic,153.5
6,2025-08-05,Shaki,Organic,231.25
6,2025-09-06,Shaki,Organic,31.24
6,2025-11-03,Shaki,Organic,57.04
7,2025-07-09,Baku,Organic,88.08
8,2025-12-04,Ganja,Ads,140.25
8,2026-02-09,Ganja,Ads,43.82
8,2026-03-19,Ganja,Ads,202.53
8,2026-04-28,Ganja,Ads,27.89
8,2026-07-11,Ganja,Ads,246.85
9,2025-05-16,Lankaran,Social,11.33
10,2025-03-22,Baku,Social,199.64
10,2025-04-13,Baku,Social,155.43
10,2025-06-01,Baku,Social,232.31
11,2025-02-10,Ganja,Social,217.14
11,2025-03-24,Ganja,Social,159.59
12,2025-02-02,Shaki,Ads,99.0
12,2025-04-05,Shaki,Ads,170.52
13,2025-04-09,Shaki,Social,181.18
13,2025-06-06,Shaki,Social,192.59
13,2025-07-25,Shaki,Social,144.71
13,2025-10-12,Shaki,Social,195.03
13,2025-12-12,Shaki,Social,128.51
14,2025-07-26,Sumqayit,Organic,112.61
15,2025-06-28,Ganja,Referral,224.98
15,2025-09-13,Ganja,Referral,124.09
16,2025-04-06,Sumqayit,Email,58.73
16,2025-04-24,Sumqayit,Email,236.28
16,2025-05-31,Sumqayit,Email,153.73
16,2025-06-29,Sumqayit,Email,176.75
16,2025-08-25,Sumqayit,Email,221.31
17,2025-02-14,Ganja,Ads,162.02
17,2025-05-01,Ganja,Ads,219.15
18,2025-04-18,Sumqayit,Organic,139.44
18,2025-06-15,Sumqayit,Organic,203.79
18,2025-07-29,Sumqayit,Organic,225.06
18,2025-10-13,Sumqayit,Organic,86.32
19,2025-10-10,Baku,Referral,112.51
20,2025-08-21,Baku,Email,138.18
20,2025-09-07,Baku,Email,126.36
20,2025-11-30,Baku,Email,176.18
20,2026-02-24,Baku,Email,74.66
21,2025-11-11,Sumqayit,Social,70.43
21,2025-12-27,Sumqayit,Social,129.34
21,2026-03-03,Sumqayit,Social,82.21
21,2026-05-18,Sumqayit,Social,78.36
21,2026-07-29,Sumqayit,Social,18.85
21,2026-10-03,Sumqayit,Social,156.3
21,2026-10-29,Sumqayit,Social,130.64
22,2025-12-09,Sumqayit,Organic,117.47
22,2025-12-24,Sumqayit,Organic,142.69
22,2026-01-26,Sumqayit,Organic,152.25
22,2026-02-11,Sumqayit,Organic,29.4
22,2026-04-19,Sumqayit,Organic,98.72
22,2026-06-16,Sumqayit,Organic,68.12
23,2025-10-07,Shaki,Social,86.99
23,2025-12-29,Shaki,Social,54.76
23,2026-03-23,Shaki,Social,19.79
23,2026-04-17,Shaki,Social,151.81
23,2026-05-17,Shaki,Social,172.62
23,2026-08-12,Shaki,Social,13.98
24,2025-05-27,Baku,Referral,51.85
24,2025-06-30,Baku,Referral,175.83
24,2025-09-23,Baku,Referral,102.82
25,2025-12-26,Baku,Social,172.17
25,2026-01-10,Baku,Social,186.45
26,2025-05-31,Sumqayit,Social,220.56
26,2025-07-15,Sumqayit,Social,71.91
27,2025-05-24,Sumqayit,Social,32.34
27,2025-08-06,Sumqayit,Social,225.33
27,2025-08-22,Sumqayit,Social,226.1
27,2025-09-06,Sumqayit,Social,161.94
28,2025-08-21,Ganja,Organic,93.81
29,2025-06-01,Baku,Ads,164.09
29,2025-08-08,Baku,Ads,30.19
29,2025-09-24,Baku,Ads,48.79
30,2025-04-14,Sumqayit,Organic,166.47
30,2025-05-23,Sumqayit,Organic,63.82
30,2025-06-24,Sumqayit,Organic,180.92
30,2025-09-12,Sumqayit,Organic,66.94
30,2025-11-19,Sumqayit,Organic,88.1
30,2026-01-07,Sumqayit,Organic,189.16
31,2025-07-14,Ganja,Organic,243.52
31,2025-08-14,Ganja,Organic,104.34
31,2025-09-30,Ganja,Organic,224.09
31,2025-12-01,Ganja,Organic,161.47
31,2026-02-12,Ganja,Organic,200.75
31,2026-03-20,Ganja,Organic,130.63
31,2026-05-03,Ganja,Organic,148.46
32,2025-11-13,Shaki,Email,129.81
33,2025-02-04,Shaki,Email,248.69
33,2025-04-23,Shaki,Email,122.79
33,2025-06-25,Shaki,Email,77.09
33,2025-07-26,Shaki,Email,222.04
34,2025-08-21,Ganja,Email,242.0
34,2025-10-11,Ganja,Email,241.27
34,2025-11-18,Ganja,Email,214.72
34,2026-01-17,Ganja,Email,80.67
35,2025-06-10,Sumqayit,Ads,177.05
35,2025-08-30,Sumqayit,Ads,146.81
35,2025-10-01,Sumqayit,Ads,33.32
35,2025-11-09,Sumqayit,Ads,157.6
35,2026-01-16,Sumqayit,Ads,247.61
36,2025-05-07,Sumqayit,Organic,80.87
36,2025-06-17,Sumqayit,Organic,87.41
37,2025-10-26,Lankaran,Ads,180.14
38,2025-06-19,Lankaran,Ads,132.72
38,2025-07-29,Lankaran,Ads,130.36
38,2025-10-01,Lankaran,Ads,201.59
38,2025-11-09,Lankaran,Ads,165.99
38,2025-12-17,Lankaran,Ads,178.47
38,2026-01-13,Lankaran,Ads,200.99
38,2026-03-28,Lankaran,Ads,223.6
39,2025-05-23,Ganja,Referral,140.23
39,2025-08-11,Ganja,Referral,78.77
39,2025-09-26,Ganja,Referral,151.8
39,2025-12-12,Ganja,Referral,17.32
39,2026-02-15,Ganja,Referral,18.96
39,2026-03-26,Ganja,Referral,207.42
39,2026-06-06,Ganja,Referral,96.45
40,2025-04-11,Shaki,Email,61.8
40,2025-05-03,Shaki,Email,159.49
40,2025-07-09,Shaki,Email,30.48
40,2025-09-21,Shaki,Email,22.4
41,2025-12-16,Lankaran,Ads,184.26
41,2026-02-15,Lankaran,Ads,244.2
41,2026-04-25,Lankaran,Ads,133.91
41,2026-06-18,Lankaran,Ads,87.51
42,2025-04-30,Sumqayit,Organic,75.0
43,2025-02-27,Ganja,Organic,112.8
43,2025-05-07,Ganja,Organic,175.24
43,2025-07-22,Ganja,Organic,23.97
43,2025-08-28,Ganja,Organic,229.65
44,2025-10-17,Sumqayit,Referral,114.56
44,2025-12-18,Sumqayit,Referral,185.21
44,2026-01-02,Sumqayit,Referral,21.45
44,2026-02-01,Sumqayit,Referral,145.85
44,2026-04-17,Sumqayit,Referral,48.08
44,2026-07-04,Sumqayit,Referral,38.84
44,2026-09-19,Sumqayit,Referral,92.05
45,2025-03-10,Sumqayit,Organic,123.8
45,2025-05-10,Sumqayit,Organic,33.48
45,2025-07-25,Sumqayit,Organic,127.99
45,2025-10-16,Sumqayit,Organic,123.63
46,2025-09-11,Ganja,Social,114.12
47,2025-09-07,Sumqayit,Ads,130.75
47,2025-10-01,Sumqayit,Ads,215.56
47,2025-12-23,Sumqayit,Ads,168.09
47,2026-02-09,Sumqayit,Ads,49.1
47,2026-04-16,Sumqayit,Ads,26.94
47,2026-05-10,Sumqayit,Ads,164.18
47,2026-06-12,Sumqayit,Ads,16.36
48,2025-12-06,Shaki,Referral,103.16
48,2026-01-13,Shaki,Referral,164.39
48,2026-02-08,Shaki,Referral,119.98
49,2025-04-11,Shaki,Ads,206.9
49,2025-05-07,Shaki,Ads,166.36
49,2025-07-27,Shaki,Ads,59.6
50,2025-01-12,Sumqayit,Ads,102.5
50,2025-03-13,Sumqayit,Ads,173.59
50,2025-03-29,Sumqayit,Ads,91.75
50,2025-05-17,Sumqayit,Ads,72.57
50,2025-06-08,Sumqayit,Ads,129.05
51,2025-04-24,Ganja,Social,220.59
51,2025-07-22,Ganja,Social,186.42
52,2025-09-06,Lankaran,Email,203.64
52,2025-10-26,Lankaran,Email,247.72
52,2025-11-19,Lankaran,Email,109.03
52,2026-02-14,Lankaran,Email,99.28
52,2026-03-24,Lankaran,Email,196.34
53,2025-07-09,Lankaran,Referral,226.61
53,2025-08-29,Lankaran,Referral,131.26
53,2025-09-24,Lankaran,Referral,208.35
53,2025-12-02,Lankaran,Referral,86.81
53,2025-12-29,Lankaran,Referral,224.93
53,2026-02-04,Lankaran,Referral,103.41
53,2026-03-20,Lankaran,Referral,12.6
54,2025-03-17,Lankaran,Referral,95.18
55,2025-07-25,Sumqayit,Ads,80.37
55,2025-09-29,Sumqayit,Ads,88.88
55,2025-10-29,Sumqayit,Ads,171.4
55,2026-01-20,Sumqayit,Ads,190.57
56,2025-05-24,Ganja,Social,249.02
56,2025-08-03,Ganja,Social,23.41
56,2025-09-25,Ganja,Social,186.89
56,2025-12-01,Ganja,Social,141.02
56,2026-01-26,Ganja,Social,179.4
56,2026-04-08,Ganja,Social,242.48
56,2026-05-31,Ganja,Social,175.13
57,2025-09-10,Shaki,Organic,112.26
57,2025-10-01,Shaki,Organic,63.42
58,2025-10-10,Baku,Organic,179.5
59,2025-01-29,Ganja,Ads,221.29
59,2025-03-21,Ganja,Ads,66.8
59,2025-05-12,Ganja,Ads,227.85
59,2025-06-03,Ganja,Ads,152.05
59,2025-08-21,Ganja,Ads,94.05
60,2025-10-02,Shaki,Social,111.81
60,2025-12-16,Shaki,Social,227.53
60,2026-02-22,Shaki,Social,36.69
60,2026-04-16,Shaki,Social,128.23
61,2025-08-30,Baku,Referral,207.47
61,2025-11-10,Baku,Referral,188.61
61,2025-12-14,Baku,Referral,173.45
61,2026-03-10,Baku,Referral,67.0
61,2026-05-24,Baku,Referral,106.05
62,2025-11-08,Shaki,Social,202.51
62,2025-12-25,Shaki,Social,244.7
62,2026-02-15,Shaki,Social,143.44
62,2026-03-07,Shaki,Social,87.44
63,2025-08-01,Shaki,Social,135.54
63,2025-10-29,Shaki,Social,161.06
63,2025-12-18,Shaki,Social,176.98
63,2026-01-20,Shaki,Social,119.09
63,2026-02-23,Shaki,Social,160.61
63,2026-05-05,Shaki,Social,150.24
64,2025-01-12,Sumqayit,Social,50.72
64,2025-04-10,Sumqayit,Social,165.24
64,2025-05-10,Sumqayit,Social,103.18
64,2025-08-04,Sumqayit,Social,65.05
64,2025-09-11,Sumqayit,Social,73.83
64,2025-10-23,Sumqayit,Social,96.48
64,2025-11-14,Sumqayit,Social,72.39
65,2025-05-25,Baku,Organic,108.69
65,2025-08-20,Baku,Organic,154.67
65,2025-10-06,Baku,Organic,75.03
66,2025-02-15,Lankaran,Email,230.6
66,2025-04-05,Lankaran,Email,29.86
66,2025-04-25,Lankaran,Email,220.4
66,2025-07-17,Lankaran,Email,142.38
66,2025-09-16,Lankaran,Email,49.56
67,2025-03-06,Sumqayit,Organic,125.29
68,2025-06-26,Sumqayit,Referral,211.2
68,2025-07-21,Sumqayit,Referral,122.49
68,2025-08-30,Sumqayit,Referral,109.56
68,2025-11-15,Sumqayit,Referral,75.62
68,2026-01-27,Sumqayit,Referral,23.53
68,2026-03-09,Sumqayit,Referral,217.53
68,2026-05-11,Sumqayit,Referral,205.1
69,2025-05-13,Ganja,Referral,213.92
69,2025-05-30,Ganja,Referral,69.36
69,2025-08-05,Ganja,Referral,118.13
69,2025-09-11,Ganja,Referral,41.0
69,2025-11-17,Ganja,Referral,238.97
69,2026-01-07,Ganja,Referral,155.48
69,2026-04-05,Ganja,Referral,64.87
70,2025-10-15,Baku,Email,21.26
71,2025-03-13,Lankaran,Ads,214.52
71,2025-05-05,Lankaran,Ads,142.46
71,2025-06-14,Lankaran,Ads,144.63
71,2025-08-01,Lankaran,Ads,220.4
71,2025-10-08,Lankaran,Ads,106.84
71,2025-10-25,Lankaran,Ads,42.16
71,2025-12-28,Lankaran,Ads,16.91
72,2025-08-17,Lankaran,Organic,13.49
72,2025-09-14,Lankaran,Organic,94.14
72,2025-12-03,Lankaran,Organic,151.58
72,2026-03-02,Lankaran,Organic,104.14
72,2026-05-06,Lankaran,Organic,114.99
72,2026-06-27,Lankaran,Organic,227.0
72,2026-09-13,Lankaran,Organic,93.58
73,2025-12-01,Sumqayit,Social,120.24
73,2026-01-14,Sumqayit,Social,212.1
73,2026-03-20,Sumqayit,Social,194.54
73,2026-04-08,Sumqayit,Social,25.9
73,2026-05-21,Sumqayit,Social,21.01
73,2026-06-08,Sumqayit,Social,158.99
74,2025-07-24,Lankaran,Ads,67.63
74,2025-09-19,Lankaran,Ads,28.21
75,2025-05-31,Ganja,Email,40.73
76,2025-01-08,Ganja,Social,133.66
76,2025-01-26,Ganja,Social,243.55
76,2025-02-13,Ganja,Social,154.46
76,2025-04-24,Ganja,Social,63.72
76,2025-06-02,Ganja,Social,207.23
76,2025-08-22,Ganja,Social,92.82
76,2025-11-11,Ganja,Social,93.43
77,2025-11-22,Lankaran,Organic,40.9
77,2025-12-07,Lankaran,Organic,89.22
77,2025-12-26,Lankaran,Organic,87.18
77,2026-01-21,Lankaran,Organic,32.15
77,2026-03-22,Lankaran,Organic,125.47
77,2026-05-09,Lankaran,Organic,175.07
78,2025-04-17,Lankaran,Email,203.49
78,2025-07-03,Lankaran,Email,189.58
78,2025-09-03,Lankaran,Email,54.29
78,2025-11-17,Lankaran,Email,60.24
78,2025-12-27,Lankaran,Email,98.91
78,2026-02-15,Lankaran,Email,126.29
79,2025-01-28,Shaki,Organic,189.39
79,2025-02-13,Shaki,Organic,18.8
80,2025-01-07,Baku,Email,132.8
80,2025-01-24,Baku,Email,137.71
80,2025-03-02,Baku,Email,35.72
81,2025-10-21,Sumqayit,Ads,35.17
81,2025-11-19,Sumqayit,Ads,186.98
82,2025-07-21,Baku,Ads,60.75
82,2025-09-12,Baku,Ads,88.6
82,2025-11-22,Baku,Ads,38.74
82,2025-12-23,Baku,Ads,223.73
83,2025-01-25,Lankaran,Organic,165.72
83,2025-04-17,Lankaran,Organic,125.1
83,2025-05-11,Lankaran,Organic,150.21
83,2025-07-31,Lankaran,Organic,186.84
84,2025-09-21,Baku,Referral,155.81
84,2025-11-14,Baku,Referral,68.64
84,2026-01-09,Baku,Referral,129.58
84,2026-03-05,Baku,Referral,89.28
84,2026-03-25,Baku,Referral,234.09
84,2026-05-30,Baku,Referral,11.81
84,2026-07-09,Baku,Referral,64.08
85,2025-04-22,Baku,Social,225.22
85,2025-05-10,Baku,Social,29.26
85,2025-08-07,Baku,Social,135.88
85,2025-10-22,Baku,Social,108.5
85,2026-01-06,Baku,Social,245.77
85,2026-02-13,Baku,Social,36.89
86,2025-08-08,Ganja,Ads,217.72
86,2025-11-05,Ganja,Ads,206.1
87,2025-04-04,Shaki,Social,51.01
88,2025-03-03,Ganja,Email,143.62
88,2025-05-13,Ganja,Email,147.19
88,2025-08-01,Ganja,Email,77.19
89,2025-05-13,Lankaran,Social,112.1
89,2025-08-05,Lankaran,Social,131.83
89,2025-09-14,Lankaran,Social,68.18
89,2025-12-05,Lankaran,Social,37.56
90,2025-05-22,Shaki,Ads,30.95
90,2025-08-08,Shaki,Ads,131.46
91,2025-12-22,Lankaran,Ads,25.21
91,2026-01-08,Lankaran,Ads,247.59
91,2026-02-24,Lankaran,Ads,87.36
91,2026-03-16,Lankaran,Ads,204.37
91,2026-05-19,Lankaran,Ads,71.11
91,2026-06-12,Lankaran,Ads,173.56
91,2026-07-01,Lankaran,Ads,192.45
92,2025-02-07,Sumqayit,Referral,214.17
92,2025-03-28,Sumqayit,Referral,189.03
92,2025-05-30,Sumqayit,Referral,108.04
93,2025-05-17,Sumqayit,Referral,183.18
93,2025-07-04,Sumqayit,Referral,21.54
93,2025-08-22,Sumqayit,Referral,197.56
93,2025-09-06,Sumqayit,Referral,208.71
93,2025-10-30,Sumqayit,Referral,190.12
94,2025-10-13,Lankaran,Referral,66.57
94,2025-12-01,Lankaran,Referral,162.1
94,2026-01-21,Lankaran,Referral,227.89
94,2026-02-09,Lankaran,Referral,85.89
95,2025-03-30,Baku,Ads,205.98
95,2025-05-01,Baku,Ads,115.39
96,2025-10-15,Ganja,Organic,148.6
96,2025-12-19,Ganja,Organic,95.29
96,2026-02-09,Ganja,Organic,103.96
96,2026-03-18,Ganja,Organic,137.65
96,2026-06-03,Ganja,Organic,25.99
96,2026-07-02,Ganja,Organic,64.97
97,2025-07-17,Sumqayit,Organic,43.43
97,2025-08-06,Sumqayit,Organic,200.57
97,2025-10-26,Sumqayit,Organic,158.82
97,2025-11-16,Sumqayit,Organic,138.03
97,2026-01-20,Sumqayit,Organic,224.53
97,2026-04-16,Sumqayit,Organic,199.26
97,2026-06-11,Sumqayit,Organic,46.4
98,2025-10-16,Lankaran,Social,18.05
99,2025-11-18,Ganja,Social,36.55
99,2025-12-12,Ganja,Social,213.15
99,2025-12-31,Ganja,Social,40.6
99,2026-03-29,Ganja,Social,105.35
99,2026-05-20,Ganja,Social,201.35
99,2026-06-16,Ganja,Social,45.98
100,2025-11-20,Ganja,Organic,70.43
100,2026-01-18,Ganja,Organic,92.97
100,2026-02-03,Ganja,Organic,53.58
100,2026-03-16,Ganja,Organic,228.03
100,2026-05-05,Ganja,Organic,150.01
100,2026-06-24,Ganja,Organic,106.2
100,2026-08-03,Ganja,Organic,120.88
101,2025-12-29,Baku,Organic,233.71
101,2026-01-24,Baku,Organic,145.63
101,2026-02-20,Baku,Organic,177.2
101,2026-05-07,Baku,Organic,231.4
101,2026-07-20,Baku,Organic,179.74
101,2026-09-15,Baku,Organic,46.61
102,2025-10-14,Ganja,Organic,35.02
102,2025-11-06,Ganja,Organic,211.71
102,2026-01-10,Ganja,Organic,228.56
102,2026-02-22,Ganja,Organic,39.47
103,2025-12-12,Baku,Email,218.78
103,2026-01-31,Baku,Email,134.52
103,2026-04-09,Baku,Email,151.91
103,2026-06-19,Baku,Email,105.76
103,2026-07-04,Baku,Email,23.14
104,2025-07-21,Baku,Social,202.68
105,2025-06-03,Ganja,Email,217.24
105,2025-07-28,Ganja,Email,231.51
105,2025-09-15,Ganja,Email,121.77
105,2025-12-01,Ganja,Email,125.4
105,2026-01-09,Ganja,Email,230.43
106,2025-12-30,Shaki,Ads,52.33
106,2026-03-05,Shaki,Ads,129.61
106,2026-05-12,Shaki,Ads,110.54
107,2025-06-26,Lankaran,Ads,197.32
108,2025-05-30,Lankaran,Social,61.04
108,2025-07-09,Lankaran,Social,133.64
108,2025-08-20,Lankaran,Social,244.13
109,2025-06-26,Shaki,Ads,143.75
110,2025-03-04,Shaki,Referral,105.36
110,2025-05-18,Shaki,Referral,112.43
110,2025-07-20,Shaki,Referral,201.95
110,2025-10-13,Shaki,Referral,93.85
110,2025-10-28,Shaki,Referral,122.38
110,2025-11-24,Shaki,Referral,159.99
111,2025-10-13,Ganja,Organic,80.57
111,2025-11-12,Ganja,Organic,181.37
111,2026-01-05,Ganja,Organic,136.64
111,2026-02-07,Ganja,Organic,138.27
111,2026-03-11,Ganja,Organic,125.46
112,2025-06-15,Baku,Referral,216.83
112,2025-08-19,Baku,Referral,237.07
112,2025-11-04,Baku,Referral,99.59
112,2025-11-22,Baku,Referral,74.98
112,2025-12-07,Baku,Referral,164.56
112,2025-12-29,Baku,Referral,108.1
113,2025-02-24,Sumqayit,Referral,63.27
113,2025-04-11,Sumqayit,Referral,65.46
113,2025-06-14,Sumqayit,Referral,171.25
113,2025-07-05,Sumqayit,Referral,14.73
113,2025-07-27,Sumqayit,Referral,34.99
113,2025-10-14,Sumqayit,Referral,201.98
113,2025-12-24,Sumqayit,Referral,52.85
114,2025-04-02,Shaki,Referral,67.16
115,2025-10-18,Baku,Organic,215.37
115,2025-12-03,Baku,Organic,209.25
116,2025-06-14,Baku,Referral,225.12
116,2025-08-21,Baku,Referral,13.12
116,2025-09-18,Baku,Referral,30.52
116,2025-11-26,Baku,Referral,59.89
117,2025-04-22,Sumqayit,Organic,164.3
117,2025-05-25,Sumqayit,Organic,178.95
117,2025-07-14,Sumqayit,Organic,228.55
118,2025-01-11,Ganja,Ads,159.8
118,2025-01-27,Ganja,Ads,108.26
118,2025-04-18,Ganja,Ads,142.49
118,2025-05-14,Ganja,Ads,114.67
118,2025-06-17,Ganja,Ads,80.67
119,2025-12-08,Ganja,Social,126.98
119,2026-01-15,Ganja,Social,224.69
119,2026-04-13,Ganja,Social,201.97
119,2026-05-27,Ganja,Social,112.05
120,2025-07-28,Shaki,Ads,139.99
120,2025-08-25,Shaki,Ads,162.03
120,2025-09-17,Shaki,Ads,71.89
121,2025-10-05,Shaki,Ads,14.41
121,2025-10-23,Shaki,Ads,229.43
121,2025-12-02,Shaki,Ads,38.26
121,2026-02-12,Shaki,Ads,148.36
121,2026-03-27,Shaki,Ads,75.77
121,2026-05-17,Shaki,Ads,143.0
122,2025-03-17,Sumqayit,Referral,59.54
123,2025-12-08,Ganja,Organic,226.0
123,2026-01-18,Ganja,Organic,219.73
124,2025-09-25,Shaki,Social,52.09
124,2025-12-01,Shaki,Social,229.46
125,2025-07-09,Baku,Organic,21.27
125,2025-09-07,Baku,Organic,49.91
126,2025-07-12,Lankaran,Organic,154.76
126,2025-09-15,Lankaran,Organic,68.88
126,2025-11-21,Lankaran,Organic,103.43
127,2025-06-13,Baku,Ads,156.5
127,2025-08-25,Baku,Ads,237.83
127,2025-10-17,Baku,Ads,105.2
128,2025-03-10,Ganja,Referral,239.26
128,2025-05-19,Ganja,Referral,47.12
128,2025-07-05,Ganja,Referral,159.6
128,2025-08-24,Ganja,Referral,123.82
128,2025-09-27,Ganja,Referral,92.65
128,2025-12-12,Ganja,Referral,94.37
129,2025-08-05,Shaki,Referral,179.18
130,2025-01-25,Ganja,Referral,28.22
130,2025-03-19,Ganja,Referral,28.66
131,2025-06-21,Baku,Ads,85.5
131,2025-08-25,Baku,Ads,203.78
131,2025-09-20,Baku,Ads,240.9
131,2025-10-23,Baku,Ads,199.6
132,2025-11-07,Shaki,Organic,135.11
133,2025-11-14,Shaki,Email,245.34
133,2025-12-06,Shaki,Email,226.81
133,2026-01-10,Shaki,Email,165.2
133,2026-04-04,Shaki,Email,176.36
134,2025-12-31,Shaki,Email,170.78
135,2025-01-16,Shaki,Social,249.84
135,2025-04-11,Shaki,Social,143.39
136,2025-09-07,Shaki,Ads,37.67
136,2025-09-28,Shaki,Ads,111.22
136,2025-10-26,Shaki,Ads,200.88
136,2025-11-16,Shaki,Ads,188.82
136,2025-12-09,Shaki,Ads,23.17
136,2026-02-09,Shaki,Ads,119.23
137,2025-04-13,Ganja,Email,153.1
137,2025-05-14,Ganja,Email,65.2
137,2025-06-11,Ganja,Email,38.94
138,2025-05-11,Ganja,Organic,137.26
138,2025-07-01,Ganja,Organic,115.85
139,2025-12-30,Lankaran,Social,222.63
139,2026-02-21,Lankaran,Social,157.81
139,2026-03-22,Lankaran,Social,65.91
139,2026-04-09,Lankaran,Social,15.86
139,2026-05-18,Lankaran,Social,218.82
139,2026-06-14,Lankaran,Social,15.1
139,2026-07-31,Lankaran,Social,219.93
140,2025-10-01,Baku,Email,194.13
140,2025-11-16,Baku,Email,106.46
140,2026-01-08,Baku,Email,125.17
140,2026-03-09,Baku,Email,160.6
140,2026-04-21,Baku,Email,219.68
141,2025-09-23,Baku,Organic,122.15
141,2025-11-06,Baku,Organic,81.28
141,2025-12-15,Baku,Organic,214.68
141,2026-01-03,Baku,Organic,181.73
141,2026-03-23,Baku,Organic,151.39
141,2026-05-25,Baku,Organic,76.54
141,2026-06-11,Baku,Organic,228.48
142,2025-03-14,Lankaran,Referral,198.72
142,2025-04-12,Lankaran,Referral,31.46
142,2025-06-14,Lankaran,Referral,110.22
142,2025-09-04,Lankaran,Referral,220.99
142,2025-09-30,Lankaran,Referral,236.74
142,2025-12-12,Lankaran,Referral,122.18
142,2026-02-01,Lankaran,Referral,157.22
143,2025-07-18,Lankaran,Social,247.88
144,2025-03-13,Ganja,Organic,65.34
144,2025-04-16,Ganja,Organic,209.35
144,2025-07-02,Ganja,Organic,38.88
145,2025-08-14,Lankaran,Organic,54.75
145,2025-10-24,Lankaran,Organic,197.1
145,2025-12-18,Lankaran,Organic,94.03
146,2025-02-23,Ganja,Organic,248.78
146,2025-04-25,Ganja,Organic,51.73
146,2025-06-27,Ganja,Organic,105.1
146,2025-07-20,Ganja,Organic,191.98
146,2025-08-23,Ganja,Organic,177.04
147,2025-06-09,Lankaran,Organic,224.78
147,2025-07-06,Lankaran,Organic,216.43
147,2025-10-01,Lankaran,Organic,119.78
148,2025-05-03,Ganja,Referral,20.65
148,2025-06-15,Ganja,Referral,214.53
148,2025-07-08,Ganja,Referral,18.5
149,2025-02-09,Baku,Social,176.97
149,2025-03-20,Baku,Social,21.71
149,2025-04-08,Baku,Social,137.82
149,2025-05-03,Baku,Social,240.91
149,2025-07-15,Baku,Social,36.27
149,2025-09-05,Baku,Social,224.68
149,2025-11-30,Baku,Social,247.95
150,2025-02-09,Ganja,Social,125.34
150,2025-04-09,Ganja,Social,152.18
151,2025-11-19,Lankaran,Organic,168.91
151,2026-01-28,Lankaran,Organic,140.51
152,2025-08-25,Lankaran,Organic,68.87
152,2025-10-11,Lankaran,Organic,47.76
152,2025-10-31,Lankaran,Organic,48.5
152,2025-12-03,Lankaran,Organic,90.16
152,2026-01-26,Lankaran,Organic,67.29
153,2025-06-19,Shaki,Social,48.07
153,2025-09-04,Shaki,Social,221.41
153,2025-10-15,Shaki,Social,219.24
153,2025-12-06,Shaki,Social,17.02
153,2026-02-18,Shaki,Social,208.2
154,2025-06-09,Lankaran,Social,188.44
154,2025-08-15,Lankaran,Social,48.58
155,2025-09-15,Sumqayit,Email,78.89
155,2025-10-11,Sumqayit,Email,158.06
155,2025-12-03,Sumqayit,Email,245.48
155,2026-02-21,Sumqayit,Email,161.64
156,2025-12-20,Ganja,Email,139.9
156,2026-03-04,Ganja,Email,241.12
156,2026-05-21,Ganja,Email,92.05
156,2026-07-09,Ganja,Email,161.83
156,2026-10-01,Ganja,Email,233.69
156,2026-11-14,Ganja,Email,34.6
156,2027-02-07,Ganja,Email,234.93
157,2025-08-30,Ganja,Email,195.04
157,2025-11-20,Ganja,Email,180.06
157,2026-02-06,Ganja,Email,123.66
157,2026-03-09,Ganja,Email,23.9
158,2025-07-29,Shaki,Ads,243.64
158,2025-10-01,Shaki,Ads,242.53
158,2025-10-29,Shaki,Ads,189.92
159,2025-01-07,Sumqayit,Referral,207.16
159,2025-02-19,Sumqayit,Referral,99.24
159,2025-03-16,Sumqayit,Referral,206.51
160,2025-02-27,Sumqayit,Organic,122.45
160,2025-04-08,Sumqayit,Organic,236.63
160,2025-06-07,Sumqayit,Organic,34.53
161,2025-02-08,Baku,Referral,136.49
162,2025-06-06,Lankaran,Social,173.32
162,2025-09-03,Lankaran,Social,167.08
162,2025-10-19,Lankaran,Social,75.58
162,2025-11-04,Lankaran,Social,238.21
162,2026-01-04,Lankaran,Social,46.25
163,2025-01-21,Baku,Organic,192.42
163,2025-03-23,Baku,Organic,116.15
163,2025-06-04,Baku,Organic,84.87
163,2025-06-24,Baku,Organic,86.98
164,2025-01-15,Lankaran,Ads,181.58
164,2025-03-04,Lankaran,Ads,145.06
164,2025-05-18,Lankaran,Ads,123.17
164,2025-07-06,Lankaran,Ads,140.38
164,2025-09-22,Lankaran,Ads,48.22
164,2025-10-31,Lankaran,Ads,58.89
165,2025-11-05,Lankaran,Email,192.65
165,2025-11-27,Lankaran,Email,160.29
165,2026-01-07,Lankaran,Email,41.5
165,2026-03-08,Lankaran,Email,17.81
165,2026-05-11,Lankaran,Email,231.0
166,2025-02-15,Ganja,Email,10.3
166,2025-03-16,Ganja,Email,153.6
166,2025-04-24,Ganja,Email,155.75
167,2025-08-16,Baku,Ads,127.98
167,2025-09-08,Baku,Ads,25.41
167,2025-10-30,Baku,Ads,149.67
167,2025-12-31,Baku,Ads,74.56
168,2025-03-05,Sumqayit,Email,27.39
168,2025-05-30,Sumqayit,Email,104.2
168,2025-07-04,Sumqayit,Email,125.19
169,2025-06-15,Ganja,Referral,183.83
169,2025-07-31,Ganja,Referral,189.8
169,2025-08-25,Ganja,Referral,45.02
169,2025-10-23,Ganja,Referral,34.67
169,2025-12-09,Ganja,Referral,147.02
169,2026-02-02,Ganja,Referral,14.41
169,2026-02-24,Ganja,Referral,125.77
170,2025-05-28,Lankaran,Email,12.35
170,2025-07-14,Lankaran,Email,88.35
170,2025-10-10,Lankaran,Email,134.25
170,2025-12-03,Lankaran,Email,31.09
171,2025-03-18,Lankaran,Social,146.21
171,2025-04-27,Lankaran,Social,175.47
171,2025-06-02,Lankaran,Social,202.14
171,2025-08-21,Lankaran,Social,58.04
171,2025-10-12,Lankaran,Social,50.2
172,2025-12-26,Baku,Social,162.74
173,2025-05-03,Sumqayit,Organic,234.69
173,2025-05-23,Sumqayit,Organic,22.47
173,2025-06-15,Sumqayit,Organic,139.91
174,2025-07-23,Ganja,Email,237.36
174,2025-08-14,Ganja,Email,160.07
175,2025-11-14,Baku,Organic,153.39
175,2025-12-05,Baku,Organic,198.12
175,2026-03-04,Baku,Organic,125.42
175,2026-03-22,Baku,Organic,19.78
176,2025-12-28,Lankaran,Ads,69.3
176,2026-01-25,Lankaran,Ads,48.29
176,2026-04-24,Lankaran,Ads,219.23
176,2026-05-20,Lankaran,Ads,62.61
177,2025-08-26,Sumqayit,Email,48.8
177,2025-10-24,Sumqayit,Email,15.01
177,2025-11-15,Sumqayit,Email,166.78
177,2026-01-21,Sumqayit,Email,89.76
177,2026-03-31,Sumqayit,Email,140.19
177,2026-05-16,Sumqayit,Email,128.39
177,2026-07-20,Sumqayit,Email,29.57
178,2025-02-04,Lankaran,Ads,17.36
178,2025-04-20,Lankaran,Ads,71.84
178,2025-06-27,Lankaran,Ads,121.03
179,2025-08-01,Sumqayit,Ads,160.9
179,2025-09-15,Sumqayit,Ads,186.48
179,2025-11-26,Sumqayit,Ads,194.25
179,2026-02-09,Sumqayit,Ads,131.16
179,2026-03-19,Sumqayit,Ads,140.39
179,2026-04-22,Sumqayit,Ads,133.36
180,2025-09-07,Sumqayit,Social,184.06
181,2025-03-07,Shaki,Email,167.2
181,2025-04-24,Shaki,Email,248.11
181,2025-06-13,Shaki,Email,78.13
181,2025-07-03,Shaki,Email,96.2
182,2025-08-25,Baku,Organic,210.64
182,2025-09-26,Baku,Organic,66.59
182,2025-11-19,Baku,Organic,196.24
183,2025-08-28,Shaki,Email,243.13
183,2025-10-23,Shaki,Email,53.43
183,2025-12-20,Shaki,Email,215.05
183,2026-01-17,Shaki,Email,128.15
184,2025-11-12,Baku,Organic,71.95
184,2025-12-10,Baku,Organic,167.62
184,2025-12-26,Baku,Organic,88.05
184,2026-03-20,Baku,Organic,195.63
184,2026-04-20,Baku,Organic,41.41
184,2026-06-01,Baku,Organic,242.76
185,2025-10-14,Sumqayit,Ads,170.65
185,2025-11-08,Sumqayit,Ads,44.98
185,2025-12-02,Sumqayit,Ads,117.86
185,2026-02-21,Sumqayit,Ads,151.09
185,2026-03-21,Sumqayit,Ads,237.66
185,2026-06-17,Sumqayit,Ads,70.61
185,2026-07-11,Sumqayit,Ads,96.22
186,2025-05-01,Sumqayit,Ads,197.63
186,2025-06-21,Sumqayit,Ads,179.29
186,2025-08-21,Sumqayit,Ads,117.13
186,2025-10-11,Sumqayit,Ads,217.41
187,2025-04-18,Shaki,Social,234.79
187,2025-07-02,Shaki,Social,19.44
187,2025-08-05,Shaki,Social,39.31
187,2025-08-21,Shaki,Social,118.53
187,2025-11-16,Shaki,Social,234.13
187,2026-01-06,Shaki,Social,85.88
188,2025-06-28,Shaki,Social,19.98
189,2025-10-03,Baku,Organic,125.18
189,2025-12-09,Baku,Organic,174.63
190,2025-08-05,Baku,Ads,133.74
190,2025-10-08,Baku,Ads,127.32
190,2025-11-20,Baku,Ads,170.05
190,2026-01-30,Baku,Ads,43.52
190,2026-03-24,Baku,Ads,17.19
190,2026-06-02,Baku,Ads,83.9
191,2025-08-22,Lankaran,Organic,242.78
191,2025-09-13,Lankaran,Organic,32.54
192,2025-12-18,Sumqayit,Social,211.15
192,2026-01-06,Sumqayit,Social,236.71
192,2026-03-08,Sumqayit,Social,173.98
192,2026-04-25,Sumqayit,Social,129.32
192,2026-07-13,Sumqayit,Social,158.28
193,2025-08-20,Lankaran,Ads,235.81
193,2025-11-14,Lankaran,Ads,208.44
193,2026-01-13,Lankaran,Ads,170.07
193,2026-04-05,Lankaran,Ads,148.52
193,2026-05-22,Lankaran,Ads,93.66
193,2026-06-06,Lankaran,Ads,48.23
193,2026-07-09,Lankaran,Ads,155.19
194,2025-03-14,Shaki,Ads,187.23
194,2025-04-30,Shaki,Ads,220.84
194,2025-06-24,Shaki,Ads,106.99
194,2025-08-25,Shaki,Ads,88.49
194,2025-09-21,Shaki,Ads,170.22
194,2025-12-17,Shaki,Ads,203.88
194,2026-01-31,Shaki,Ads,192.95
195,2025-10-06,Baku,Email,114.54
196,2025-05-09,Sumqayit,Organic,11.38
196,2025-07-16,Sumqayit,Organic,87.9
196,2025-10-09,Sumqayit,Organic,97.95
197,2025-05-23,Sumqayit,Ads,64.54
197,2025-06-27,Sumqayit,Ads,27.57
197,2025-07-30,Sumqayit,Ads,154.83
197,2025-10-12,Sumqayit,Ads,170.37
197,2025-11-28,Sumqayit,Ads,158.68
197,2026-01-30,Sumqayit,Ads,121.24
197,2026-03-20,Sumqayit,Ads,101.15
198,2025-11-24,Ganja,Organic,213.32
198,2026-01-25,Ganja,Organic,229.42
199,2025-06-03,Sumqayit,Social,149.24
199,2025-07-12,Sumqayit,Social,138.06
199,2025-08-07,Sumqayit,Social,155.9
199,2025-08-26,Sumqayit,Social,193.57
199,2025-10-27,Sumqayit,Social,205.12
200,2025-12-30,Shaki,Social,14.38
200,2026-02-25,Shaki,Social,56.99
201,2025-12-02,Ganja,Ads,24.46
201,2026-02-01,Ganja,Ads,234.26
201,2026-03-02,Ganja,Ads,94.39
201,2026-04-10,Ganja,Ads,34.34
201,2026-05-30,Ganja,Ads,126.61
201,2026-08-27,Ganja,Ads,71.63
201,2026-10-31,Ganja,Ads,78.37
202,2025-06-06,Ganja,Ads,149.42
202,2025-07-18,Ganja,Ads,31.51
202,2025-09-05,Ganja,Ads,182.23
203,2025-03-18,Shaki,Organic,207.56
203,2025-04-05,Shaki,Organic,135.4
204,2025-12-17,Ganja,Email,35.65
204,2026-03-15,Ganja,Email,146.15
204,2026-05-07,Ganja,Email,71.58
204,2026-06-03,Ganja,Email,241.1
204,2026-07-18,Ganja,Email,126.05
204,2026-10-11,Ganja,Email,203.44
204,2026-12-27,Ganja,Email,142.05
205,2025-12-28,Shaki,Ads,222.21
205,2026-02-27,Shaki,Ads,64.74
205,2026-03-26,Shaki,Ads,60.89
205,2026-05-01,Shaki,Ads,156.64
205,2026-06-05,Shaki,Ads,108.65
206,2025-06-19,Sumqayit,Ads,71.35
206,2025-09-13,Sumqayit,Ads,82.49
206,2025-10-21,Sumqayit,Ads,185.67
206,2025-12-23,Sumqayit,Ads,214.28
206,2026-02-01,Sumqayit,Ads,171.14
207,2025-05-26,Baku,Referral,194.0
208,2025-08-30,Baku,Referral,50.32
208,2025-11-21,Baku,Referral,186.85
209,2025-06-10,Ganja,Ads,32.97
209,2025-07-15,Ganja,Ads,15.67
210,2025-06-09,Shaki,Email,75.89
210,2025-07-04,Shaki,Email,153.29
210,2025-07-28,Shaki,Email,172.2
210,2025-10-23,Shaki,Email,116.25
210,2026-01-02,Shaki,Email,116.99
210,2026-02-10,Shaki,Email,183.88
210,2026-02-26,Shaki,Email,13.8
211,2025-10-29,Sumqayit,Ads,227.33
211,2025-12-01,Sumqayit,Ads,195.43
211,2026-02-21,Sumqayit,Ads,73.57
211,2026-04-18,Sumqayit,Ads,164.87
212,2025-03-14,Ganja,Organic,158.12
212,2025-04-05,Ganja,Organic,116.18
212,2025-06-28,Ganja,Organic,209.65
212,2025-08-22,Ganja,Organic,170.7
213,2025-01-27,Ganja,Referral,221.22
213,2025-03-14,Ganja,Referral,166.21
213,2025-04-18,Ganja,Referral,137.91
213,2025-05-10,Ganja,Referral,87.84
214,2025-12-08,Sumqayit,Email,248.59
214,2026-03-02,Sumqayit,Email,168.84
214,2026-03-18,Sumqayit,Email,143.87
215,2025-10-13,Baku,Email,149.31
215,2025-11-04,Baku,Email,31.3
216,2025-11-29,Sumqayit,Social,111.45
216,2026-01-13,Sumqayit,Social,207.23
216,2026-03-15,Sumqayit,Social,10.3
216,2026-05-23,Sumqayit,Social,82.2
216,2026-08-07,Sumqayit,Social,245.5
217,2025-05-24,Shaki,Social,105.84
217,2025-07-07,Shaki,Social,46.58
217,2025-08-13,Shaki,Social,248.2
218,2025-11-17,Sumqayit,Organic,71.69
218,2025-12-31,Sumqayit,Organic,199.1
218,2026-02-04,Sumqayit,Organic,217.52
218,2026-04-29,Sumqayit,Organic,156.04
219,2025-02-07,Baku,Email,73.15
219,2025-03-07,Baku,Email,96.43
219,2025-04-26,Baku,Email,31.03
219,2025-06-02,Baku,Email,234.87
220,2025-11-27,Ganja,Social,208.07
221,2025-06-03,Sumqayit,Organic,129.27
221,2025-08-24,Sumqayit,Organic,248.12
221,2025-11-01,Sumqayit,Organic,214.34
221,2025-11-21,Sumqayit,Organic,60.04
221,2026-01-09,Sumqayit,Organic,233.34
221,2026-02-14,Sumqayit,Organic,37.93
222,2025-10-18,Baku,Social,220.71
222,2025-12-01,Baku,Social,218.33
223,2025-03-08,Shaki,Email,106.72
223,2025-03-29,Shaki,Email,51.65
223,2025-06-03,Shaki,Email,176.79
223,2025-07-01,Shaki,Email,93.06
223,2025-09-26,Shaki,Email,244.15
223,2025-10-25,Shaki,Email,163.83
224,2025-10-08,Sumqayit,Referral,125.05
225,2025-06-13,Lankaran,Social,155.53
226,2025-04-20,Baku,Referral,225.58
227,2025-01-25,Lankaran,Ads,65.81
227,2025-02-21,Lankaran,Ads,29.19
227,2025-03-15,Lankaran,Ads,196.41
227,2025-04-19,Lankaran,Ads,39.29
227,2025-07-10,Lankaran,Ads,152.63
227,2025-08-18,Lankaran,Ads,234.75
228,2025-05-26,Sumqayit,Organic,10.08
228,2025-08-08,Sumqayit,Organic,14.25
228,2025-10-24,Sumqayit,Organic,154.61
228,2025-11-13,Sumqayit,Organic,97.55
229,2025-01-05,Shaki,Organic,176.81
229,2025-02-22,Shaki,Organic,246.08
229,2025-03-18,Shaki,Organic,67.4
229,2025-04-03,Shaki,Organic,44.14
229,2025-04-28,Shaki,Organic,39.13
229,2025-07-01,Shaki,Organic,82.79
229,2025-08-15,Shaki,Organic,34.25
230,2025-04-07,Lankaran,Social,205.35
230,2025-04-25,Lankaran,Social,157.65
230,2025-05-13,Lankaran,Social,83.5
230,2025-07-06,Lankaran,Social,159.74
231,2025-08-19,Ganja,Email,117.95
231,2025-10-22,Ganja,Email,56.71
231,2026-01-07,Ganja,Email,98.26
231,2026-03-25,Ganja,Email,109.39
232,2025-08-17,Shaki,Organic,14.61
232,2025-09-05,Shaki,Organic,72.36
232,2025-11-13,Shaki,Organic,192.47
232,2025-11-29,Shaki,Organic,42.91
232,2026-02-13,Shaki,Organic,138.47
232,2026-03-20,Shaki,Organic,61.65
233,2025-08-30,Sumqayit,Social,99.14
233,2025-11-05,Sumqayit,Social,73.8
233,2026-01-03,Sumqayit,Social,165.06
233,2026-02-18,Sumqayit,Social,129.84
233,2026-04-09,Sumqayit,Social,73.84
234,2025-10-09,Sumqayit,Organic,216.3
234,2025-12-30,Sumqayit,Organic,104.17
234,2026-02-16,Sumqayit,Organic,239.49
234,2026-04-23,Sumqayit,Organic,41.95
234,2026-06-28,Sumqayit,Organic,34.52
235,2025-05-09,Sumqayit,Social,204.13
236,2025-04-07,Sumqayit,Referral,208.03
236,2025-05-01,Sumqayit,Referral,128.91
236,2025-07-12,Sumqayit,Referral,102.72
236,2025-09-24,Sumqayit,Referral,118.03
236,2025-10-29,Sumqayit,Referral,64.47
237,2025-12-09,Sumqayit,Referral,134.42
238,2025-03-10,Sumqayit,Social,132.93
238,2025-04-25,Sumqayit,Social,173.25
238,2025-06-22,Sumqayit,Social,20.0
239,2025-03-28,Ganja,Ads,181.92
240,2025-06-01,Shaki,Referral,103.02
240,2025-07-02,Shaki,Referral,120.87
240,2025-07-21,Shaki,Referral,247.98
240,2025-08-24,Shaki,Referral,242.98
240,2025-09-28,Shaki,Referral,236.16
241,2025-01-28,Ganja,Social,33.61
241,2025-04-03,Ganja,Social,168.47
241,2025-06-14,Ganja,Social,193.45
242,2025-02-07,Lankaran,Email,194.61
242,2025-03-01,Lankaran,Email,159.92
243,2025-02-18,Shaki,Social,157.6
243,2025-04-09,Shaki,Social,195.91
244,2025-08-05,Baku,Email,137.27
245,2025-09-12,Sumqayit,Ads,154.45
245,2025-10-06,Sumqayit,Ads,149.78
245,2025-11-10,Sumqayit,Ads,189.54
245,2025-12-30,Sumqayit,Ads,204.82
245,2026-01-25,Sumqayit,Ads,167.55
245,2026-02-10,Sumqayit,Ads,40.74
246,2025-09-30,Shaki,Social,142.02
246,2025-11-23,Shaki,Social,103.28
246,2025-12-25,Shaki,Social,49.28
246,2026-03-04,Shaki,Social,75.71
246,2026-05-30,Shaki,Social,232.8
246,2026-07-08,Shaki,Social,172.24
246,2026-09-19,Shaki,Social,129.05
247,2025-05-02,Lankaran,Email,205.83
248,2025-02-08,Shaki,Referral,244.82
248,2025-03-06,Shaki,Referral,189.57
248,2025-05-06,Shaki,Referral,143.88
248,2025-06-07,Shaki,Referral,53.34
248,2025-07-12,Shaki,Referral,22.93
248,2025-08-08,Shaki,Referral,86.81
248,2025-09-12,Shaki,Referral,190.76
249,2025-01-22,Shaki,Ads,139.49
250,2025-09-15,Lankaran,Referral,61.24
250,2025-10-28,Lankaran,Referral,131.4
250,2026-01-02,Lankaran,Referral,211.77
250,2026-02-12,Lankaran,Referral,185.87
250,2026-04-17,Lankaran,Referral,140.14
251,2025-12-19,Ganja,Organic,46.38
251,2026-02-27,Ganja,Organic,32.5
251,2026-03-16,Ganja,Organic,148.52
251,2026-06-01,Ganja,Organic,220.51
251,2026-07-04,Ganja,Organic,114.11
252,2025-07-05,Sumqayit,Social,204.82
252,2025-08-04,Sumqayit,Social,188.01
253,2025-04-14,Lankaran,Email,188.16
253,2025-07-01,Lankaran,Email,205.63
253,2025-07-25,Lankaran,Email,157.59
254,2025-04-22,Baku,Ads,139.29
254,2025-05-19,Baku,Ads,135.8
255,2025-03-31,Sumqayit,Ads,18.47
255,2025-06-11,Sumqayit,Ads,188.98
256,2025-05-01,Ganja,Ads,45.73
256,2025-06-18,Ganja,Ads,83.35
256,2025-08-24,Ganja,Ads,220.4
256,2025-09-27,Ganja,Ads,249.12
256,2025-12-25,Ganja,Ads,98.39
256,2026-01-24,Ganja,Ads,117.67
257,2025-01-24,Baku,Organic,176.95
257,2025-03-05,Baku,Organic,10.77
257,2025-04-25,Baku,Organic,158.7
257,2025-07-02,Baku,Organic,95.32
258,2025-01-20,Ganja,Referral,106.56
259,2025-01-04,Lankaran,Organic,172.35
259,2025-02-01,Lankaran,Organic,203.2
259,2025-02-18,Lankaran,Organic,74.76
259,2025-05-01,Lankaran,Organic,208.01
259,2025-07-09,Lankaran,Organic,129.58
259,2025-07-27,Lankaran,Organic,28.49
259,2025-09-03,Lankaran,Organic,24.05
260,2025-03-17,Shaki,Referral,134.87
260,2025-04-30,Shaki,Referral,99.63
260,2025-07-11,Shaki,Referral,39.37
260,2025-08-25,Shaki,Referral,186.52
260,2025-11-11,Shaki,Referral,66.61
261,2025-04-26,Lankaran,Ads,163.01
261,2025-06-26,Lankaran,Ads,129.08
261,2025-09-23,Lankaran,Ads,52.78
261,2025-12-03,Lankaran,Ads,174.62
261,2026-01-31,Lankaran,Ads,247.87
261,2026-03-19,Lankaran,Ads,189.33
261,2026-04-19,Lankaran,Ads,187.6
262,2025-11-21,Shaki,Referral,245.12
262,2026-02-04,Shaki,Referral,49.67
263,2025-04-23,Shaki,Ads,235.76
263,2025-07-16,Shaki,Ads,72.23
263,2025-09-19,Shaki,Ads,113.12
264,2025-03-10,Ganja,Organic,125.42
264,2025-05-27,Ganja,Organic,114.44
264,2025-07-17,Ganja,Organic,234.96
265,2025-03-11,Baku,Referral,114.84
265,2025-03-29,Baku,Referral,185.08
265,2025-05-21,Baku,Referral,193.72
265,2025-07-09,Baku,Referral,48.14
266,2025-12-30,Ganja,Ads,231.43
266,2026-03-14,Ganja,Ads,123.29
266,2026-05-24,Ganja,Ads,13.22
266,2026-07-08,Ganja,Ads,77.86
267,2025-12-08,Lankaran,Referral,69.27
267,2025-12-29,Lankaran,Referral,227.5
268,2025-12-02,Baku,Social,192.26
268,2026-01-01,Baku,Social,117.94
269,2025-03-11,Ganja,Organic,21.16
269,2025-05-08,Ganja,Organic,158.73
269,2025-08-03,Ganja,Organic,144.88
269,2025-10-01,Ganja,Organic,93.02
269,2025-12-10,Ganja,Organic,85.65
270,2025-01-07,Shaki,Ads,15.24
270,2025-04-01,Shaki,Ads,169.31
270,2025-04-30,Shaki,Ads,241.21
271,2025-07-18,Shaki,Social,245.51
271,2025-08-22,Shaki,Social,71.57
271,2025-10-17,Shaki,Social,167.0
271,2025-11-26,Shaki,Social,57.54
271,2025-12-24,Shaki,Social,145.68
271,2026-03-05,Shaki,Social,121.34
271,2026-04-25,Shaki,Social,243.28
272,2025-06-10,Lankaran,Social,174.1
272,2025-08-13,Lankaran,Social,140.83
272,2025-11-03,Lankaran,Social,245.32
272,2026-01-27,Lankaran,Social,64.58
273,2025-02-12,Sumqayit,Referral,140.45
273,2025-04-08,Sumqayit,Referral,29.61
273,2025-05-31,Sumqayit,Referral,119.99
273,2025-08-02,Sumqayit,Referral,126.33
274,2025-01-05,Lankaran,Social,33.42
274,2025-01-21,Lankaran,Social,216.88
274,2025-02-26,Lankaran,Social,120.44
274,2025-05-08,Lankaran,Social,189.83
274,2025-07-27,Lankaran,Social,79.74
275,2025-10-21,Shaki,Social,58.33
275,2026-01-03,Shaki,Social,72.07
275,2026-03-17,Shaki,Social,49.53
275,2026-04-10,Shaki,Social,89.25
275,2026-06-27,Shaki,Social,191.62
275,2026-09-12,Shaki,Social,134.65
275,2026-11-14,Shaki,Social,59.17
276,2025-03-20,Shaki,Ads,190.18
276,2025-04-17,Shaki,Ads,143.92
276,2025-05-28,Shaki,Ads,142.6
276,2025-07-21,Shaki,Ads,32.6
276,2025-10-01,Shaki,Ads,92.48
277,2025-04-07,Shaki,Referral,167.63
277,2025-06-02,Shaki,Referral,207.3
277,2025-06-22,Shaki,Referral,101.3
277,2025-08-14,Shaki,Referral,196.15
278,2025-09-24,Sumqayit,Ads,32.57
278,2025-10-20,Sumqayit,Ads,95.6
278,2026-01-16,Sumqayit,Ads,191.8
279,2025-03-26,Sumqayit,Social,57.0
279,2025-06-20,Sumqayit,Social,225.27
279,2025-08-28,Sumqayit,Social,134.85
279,2025-09-20,Sumqayit,Social,117.42
279,2025-11-20,Sumqayit,Social,143.88
280,2025-09-20,Shaki,Ads,97.14
280,2025-10-07,Shaki,Ads,225.32
281,2025-02-09,Sumqayit,Referral,18.01
281,2025-03-28,Sumqayit,Referral,97.29
281,2025-04-12,Sumqayit,Referral,185.83
282,2025-04-11,Baku,Email,242.26
282,2025-04-29,Baku,Email,215.65
282,2025-07-22,Baku,Email,38.23
283,2025-10-29,Ganja,Email,110.26
283,2025-11-28,Ganja,Email,246.19
283,2025-12-13,Ganja,Email,170.3
284,2025-06-11,Sumqayit,Email,174.85
284,2025-06-29,Sumqayit,Email,32.33
284,2025-08-10,Sumqayit,Email,17.05
284,2025-10-22,Sumqayit,Email,207.51
284,2025-12-02,Sumqayit,Email,60.34
285,2025-05-13,Lankaran,Organic,85.44
285,2025-07-27,Lankaran,Organic,123.08
285,2025-08-19,Lankaran,Organic,207.19
285,2025-10-22,Lankaran,Organic,120.22
285,2025-11-11,Lankaran,Organic,95.87
285,2026-01-24,Lankaran,Organic,128.61
286,2025-03-17,Ganja,Ads,37.11
286,2025-04-30,Ganja,Ads,30.92
286,2025-06-04,Ganja,Ads,182.58
287,2025-06-29,Ganja,Referral,187.52
287,2025-08-16,Ganja,Referral,55.9
287,2025-10-10,Ganja,Referral,157.31
288,2025-06-25,Ganja,Ads,17.47
288,2025-07-31,Ganja,Ads,187.43
288,2025-08-31,Ganja,Ads,35.52
288,2025-11-22,Ganja,Ads,85.58
288,2025-12-17,Ganja,Ads,10.92
288,2026-01-15,Ganja,Ads,173.6
288,2026-03-05,Ganja,Ads,50.11
289,2025-05-04,Baku,Referral,91.69
289,2025-05-19,Baku,Referral,217.93
289,2025-08-13,Baku,Referral,61.73
289,2025-10-29,Baku,Referral,96.49
290,2025-08-15,Shaki,Email,226.87
290,2025-10-25,Shaki,Email,65.86
290,2025-12-31,Shaki,Email,203.78
290,2026-03-01,Shaki,Email,24.18
290,2026-03-29,Shaki,Email,225.72
291,2025-08-13,Lankaran,Referral,50.58
291,2025-09-02,Lankaran,Referral,103.54
291,2025-10-09,Lankaran,Referral,101.08
292,2025-04-10,Shaki,Organic,202.57
292,2025-07-05,Shaki,Organic,124.98
292,2025-09-19,Shaki,Organic,14.32
292,2025-11-07,Shaki,Organic,111.15
292,2025-12-10,Shaki,Organic,16.52
292,2026-01-23,Shaki,Organic,241.9
293,2025-03-24,Ganja,Referral,211.47
293,2025-05-28,Ganja,Referral,245.63
293,2025-06-14,Ganja,Referral,159.12
293,2025-08-09,Ganja,Referral,144.2
293,2025-09-11,Ganja,Referral,160.78
293,2025-12-07,Ganja,Referral,137.84
294,2025-04-30,Shaki,Social,139.77
294,2025-06-21,Shaki,Social,33.17
294,2025-08-27,Shaki,Social,68.05
295,2025-11-04,Baku,Social,82.3
296,2025-11-05,Shaki,Referral,21.55
296,2026-01-17,Shaki,Referral,226.69
296,2026-03-13,Shaki,Referral,214.54
297,2025-05-05,Baku,Email,152.37
298,2025-04-30,Sumqayit,Referral,54.48
299,2025-01-16,Shaki,Social,248.91
299,2025-04-02,Shaki,Social,215.37
299,2025-06-03,Shaki,Social,135.15
299,2025-07-17,Shaki,Social,25.27
299,2025-08-12,Shaki,Social,209.53
299,2025-09-30,Shaki,Social,153.75
299,2025-10-25,Shaki,Social,37.58
300,2025-07-20,Lankaran,Social,209.03
300,2025-10-03,Lankaran,Social,220.95
300,2025-10-26,Lankaran,Social,147.23
300,2026-01-16,Lankaran,Social,134.19
300,2026-03-06,Lankaran,Social,113.3
